seed,181538317937149239

position,branch,run_idx
1,changes_2,24
2,changes_1,9
3,changes_1_2_3,26
4,changes_1_3,2
5,changes_1,21
6,changes_1_2,18
7,changes_1_3,28
8,baseline,12
9,baseline,26
10,changes_1,12
11,changes_2_3,16
12,changes_1,22
13,baseline,22
14,changes_3,9
15,changes_1_2_3,29
16,changes_3,4
17,changes_3,1
18,changes_1_2_3,9
19,changes_1,16
20,changes_2_3,26
21,changes_2,4
22,baseline,3
23,changes_1_3,27
24,changes_1_2,25
25,changes_1_3,25
26,changes_2,14
27,changes_1_2_3,18
28,changes_1_3,16
29,changes_2_3,3
30,baseline,24
31,changes_2,15
32,changes_1,8
33,changes_1,30
34,changes_2_3,4
35,changes_3,20
36,changes_1_2,14
37,baseline,19
38,changes_2,27
39,baseline,18
40,changes_1_2_3,7
41,changes_2,3
42,baseline,29
43,baseline,7
44,changes_3,27
45,changes_2,7
46,changes_1_2,23
47,changes_2_3,7
48,changes_2_3,27
49,baseline,10
50,changes_1_2_3,3
51,changes_1,17
52,changes_1_2,20
53,changes_2,18
54,changes_1_2,11
55,changes_1_2_3,21
56,changes_1,19
57,changes_1_2,2
58,changes_1_3,4
59,changes_2_3,9
60,changes_2,22
61,changes_1_2,21
62,changes_1_2,3
63,changes_1_2_3,8
64,changes_1,13
65,baseline,27
66,changes_1_2,26
67,changes_1_2_3,15
68,changes_2_3,18
69,changes_3,10
70,changes_2,19
71,changes_2,11
72,changes_1_2,8
73,changes_2,29
74,changes_1_2_3,5
75,changes_1_2,27
76,changes_1_2_3,13
77,changes_3,17
78,changes_2,20
79,changes_1_2,28
80,changes_2_3,30
81,baseline,6
82,changes_3,7
83,changes_2_3,10
84,changes_1_3,23
85,changes_2_3,2
86,changes_2_3,5
87,changes_1_2_3,2
88,changes_3,19
89,changes_1_2,1
90,changes_1_2_3,28
91,changes_1,15
92,changes_1_2_3,16
93,baseline,8
94,changes_1_3,19
95,baseline,20
96,changes_1_2_3,4
97,changes_1_2,24
98,changes_2,21
99,changes_2_3,15
100,changes_1,20
101,changes_1_2,6
102,changes_1,25
103,changes_1_3,15
104,changes_3,13
105,changes_3,15
106,changes_2_3,8
107,changes_1_3,24
108,changes_1_2,29
109,changes_3,12
110,changes_1_2_3,27
111,changes_1_2_3,23
112,baseline,17
113,changes_2,23
114,changes_3,14
115,changes_2_3,29
116,baseline,21
117,changes_2_3,20
118,changes_1_2_3,1
119,changes_1_3,6
120,baseline,13
121,changes_1_2,12
122,changes_3,6
123,changes_3,3
124,changes_3,11
125,changes_2_3,25
126,changes_2_3,6
127,changes_1_2,17
128,changes_1_3,30
129,baseline,16
130,baseline,9
131,changes_1_3,17
132,changes_1_2,16
133,changes_1_3,3
134,changes_1_2_3,17
135,changes_1_3,26
136,changes_2,26
137,changes_1_2,7
138,changes_1_2,30
139,changes_1_2_3,12
140,changes_1,3
141,changes_2_3,13
142,changes_1_2,19
143,baseline,25
144,changes_1,24
145,changes_3,28
146,changes_1_2_3,22
147,changes_2,28
148,changes_1,26
149,changes_2_3,11
150,changes_1_2_3,25
151,changes_3,21
152,changes_3,18
153,changes_1_3,14
154,changes_1_3,13
155,changes_1_3,11
156,changes_2,16
157,changes_2_3,17
158,changes_2,8
159,changes_1,28
160,changes_1_3,5
161,changes_1_3,12
162,changes_2,17
163,changes_1_2_3,11
164,changes_1_2_3,24
165,changes_2,10
166,changes_1_3,29
167,changes_2,1
168,changes_1_3,18
169,changes_2,13
170,baseline,11
171,changes_3,16
172,changes_1,2
173,changes_3,5
174,baseline,2
175,changes_3,22
176,changes_1_2,5
177,changes_1_3,10
178,changes_2_3,12
179,baseline,15
180,changes_1,5
181,changes_1_3,8
182,changes_2_3,19
183,changes_1_2_3,6
184,changes_1,7
185,changes_1_2,22
186,changes_1_2,13
187,changes_1,1
188,changes_3,30
189,changes_1,29
190,changes_1,6
191,baseline,4
192,changes_2,6
193,changes_1_3,22
194,changes_3,25
195,changes_3,29
196,baseline,23
197,changes_2_3,28
198,baseline,30
199,changes_1_2,9
200,changes_2_3,14
201,changes_1,10
202,changes_1_2,15
203,changes_1_2,4
204,changes_2_3,21
205,changes_3,2
206,changes_1,23
207,changes_2_3,1
208,changes_1_2_3,10
209,changes_1_3,21
210,changes_3,23
211,changes_1,27
212,changes_1_3,20
213,changes_1_2_3,14
214,changes_2,30
215,changes_1_2,10
216,changes_1_2_3,19
217,changes_1,14
218,baseline,28
219,changes_2,5
220,changes_2,25
221,changes_1,4
222,baseline,1
223,changes_1,18
224,changes_2_3,24
225,changes_1_3,1
226,changes_1_2_3,20
227,changes_1_2_3,30
228,changes_3,26
229,baseline,14
230,changes_2,12
231,changes_3,24
232,changes_2_3,23
233,changes_2,2
234,changes_1_3,9
235,baseline,5
236,changes_2_3,22
237,changes_1,11
238,changes_1_3,7
239,changes_3,8
240,changes_2,9
